detector_set,num_detectors,r_contiguous,ngram,min_activations,max_ham_match_ratio,precision,recall,f1,fpr,tp,fp,fn,tn,roc_auc,pr_auc
1k_r7_n3,1000,7,3,1,0.05,0.2901960784313726,0.9487179487179488,0.4444444444444445,0.3774765380604796,148,362,8,597,0.891025641025641,0.30348258706467657
1k_r7_n3,1000,7,3,2,0.05,0.2955465587044534,0.935897435897436,0.4492307692307692,0.3628779979144942,146,348,10,611,0.891025641025641,0.30348258706467657
1k_r7_n3,1000,7,3,3,0.05,0.3060796645702306,0.935897435897436,0.4612954186413902,0.3451511991657977,146,331,10,628,0.891025641025641,0.30348258706467657
1k_r7_n3,1000,7,3,5,0.05,0.3263888888888889,0.903846153846154,0.4795918367346938,0.3034410844629823,141,291,15,668,0.891025641025641,0.30348258706467657
1k_r7_n3,1000,7,3,7,0.05,0.356234096692112,0.8974358974358975,0.5100182149362478,0.2638164754953076,140,253,16,706,0.891025641025641,0.30348258706467657
1k_r7_n3,1000,7,3,10,0.05,0.371191135734072,0.8589743589743589,0.518375241779497,0.2367049009384775,134,227,22,732,0.891025641025641,0.30348258706467657
1k_r7_n3,1000,7,3,15,0.05,0.3939393939393939,0.8333333333333334,0.5349794238683128,0.2085505735140771,130,200,26,759,0.891025641025641,0.30348258706467657
1k_r7_n3,1000,7,3,20,0.05,0.4247491638795986,0.8141025641025641,0.5582417582417583,0.1793534932221063,127,172,29,787,0.891025641025641,0.30348258706467657
1k_r7_n3,1000,7,3,25,0.05,0.4581818181818182,0.8076923076923077,0.5846867749419954,0.1553701772679875,126,149,30,810,0.891025641025641,0.30348258706467657
1k_r7_n3,1000,7,3,30,0.05,0.4959349593495935,0.782051282051282,0.6069651741293531,0.1293013555787278,122,124,34,835,0.891025641025641,0.30348258706467657
1k_r7_n3,1000,7,3,40,0.05,0.5074626865671642,0.6538461538461539,0.5714285714285714,0.1032325338894682,102,99,54,860,0.891025641025641,0.30348258706467657
1k_r7_n3,1000,7,3,50,0.05,0.5,0.5128205128205128,0.5063291139240506,0.0834202294056308,80,80,76,879,0.891025641025641,0.30348258706467657
1k_r7_n3,1000,7,3,60,0.05,0.4758064516129032,0.3782051282051282,0.4214285714285714,0.067778936392075,59,65,97,894,0.891025641025641,0.30348258706467657
2k_r7_n3,2000,7,3,1,0.05,0.2848948374760994,0.9551282051282052,0.4388807069219441,0.3899895724713243,149,374,7,585,0.8942307692307692,0.29927007299270075
2k_r7_n3,2000,7,3,2,0.05,0.2893203883495145,0.9551282051282052,0.444113263785395,0.3816475495307612,149,366,7,593,0.8942307692307692,0.29927007299270075
2k_r7_n3,2000,7,3,3,0.05,0.2938856015779093,0.9551282051282052,0.4494720965309201,0.3733055265901981,149,358,7,601,0.8942307692307692,0.29927007299270075
2k_r7_n3,2000,7,3,5,0.05,0.3024691358024691,0.9423076923076924,0.4579439252336448,0.3534932221063608,147,339,9,620,0.8942307692307692,0.29927007299270075
2k_r7_n3,2000,7,3,7,0.05,0.3141025641025641,0.9423076923076924,0.4711538461538461,0.3347236704900938,147,321,9,638,0.8942307692307692,0.29927007299270075
2k_r7_n3,2000,7,3,10,0.05,0.332579185520362,0.9423076923076924,0.4916387959866221,0.3076120959332638,147,295,9,664,0.8942307692307692,0.29927007299270075
2k_r7_n3,2000,7,3,15,0.05,0.3511450381679389,0.8846153846153846,0.5027322404371585,0.2659019812304484,138,255,18,704,0.8942307692307692,0.29927007299270075
2k_r7_n3,2000,7,3,20,0.05,0.3709677419354839,0.8846153846153846,0.5227272727272727,0.2440041710114703,138,234,18,725,0.8942307692307692,0.29927007299270075
2k_r7_n3,2000,7,3,25,0.05,0.3857142857142857,0.8653846153846154,0.5335968379446641,0.2241918665276329,135,215,21,744,0.8942307692307692,0.29927007299270075
2k_r7_n3,2000,7,3,30,0.05,0.403076923076923,0.8397435897435898,0.5446985446985447,0.2022940563086548,131,194,25,765,0.8942307692307692,0.29927007299270075
2k_r7_n3,2000,7,3,40,0.05,0.4304635761589404,0.8333333333333334,0.5676855895196506,0.1793534932221063,130,172,26,787,0.8942307692307692,0.29927007299270075
2k_r7_n3,2000,7,3,50,0.05,0.45,0.8076923076923077,0.5779816513761469,0.1605839416058394,126,154,30,805,0.8942307692307692,0.29927007299270075
2k_r7_n3,2000,7,3,60,0.05,0.4823529411764706,0.7884615384615384,0.5985401459854015,0.1376433785192909,123,132,33,827,0.8942307692307692,0.29927007299270075
2k_r8_n3,2000,8,3,1,0.05,0.2985685071574642,0.935897435897436,0.4527131782945736,0.3576642335766423,146,343,10,616,0.8525641025641026,0.29972752043596734
2k_r8_n3,2000,8,3,2,0.05,0.3060796645702306,0.935897435897436,0.4612954186413902,0.3451511991657977,146,331,10,628,0.8525641025641026,0.29972752043596734
2k_r8_n3,2000,8,3,3,0.05,0.3072033898305085,0.9294871794871796,0.4617834394904459,0.3409801876955162,145,327,11,632,0.8525641025641026,0.29972752043596734
2k_r8_n3,2000,8,3,5,0.05,0.3265306122448979,0.9230769230769232,0.4824120603015075,0.3096976016684046,144,297,12,662,0.8525641025641026,0.29972752043596734
2k_r8_n3,2000,8,3,7,0.05,0.3341232227488152,0.903846153846154,0.4878892733564013,0.2930135557872784,141,281,15,678,0.8525641025641026,0.29972752043596734
2k_r8_n3,2000,8,3,10,0.05,0.3536895674300254,0.8910256410256411,0.5063752276867031,0.264859228362878,139,254,17,705,0.8525641025641026,0.29972752043596734
2k_r8_n3,2000,8,3,15,0.05,0.3732590529247911,0.8589743589743589,0.5203883495145631,0.2346193952033368,134,225,22,734,0.8525641025641026,0.29972752043596734
2k_r8_n3,2000,8,3,20,0.05,0.3900293255131964,0.8525641025641025,0.5352112676056338,0.2168925964546402,133,208,23,751,0.8525641025641026,0.29972752043596734
2k_r8_n3,2000,8,3,25,0.05,0.4132492113564668,0.8397435897435898,0.5539112050739957,0.1939520333680917,131,186,25,773,0.8525641025641026,0.29972752043596734
2k_r8_n3,2000,8,3,30,0.05,0.4417808219178082,0.8269230769230769,0.5758928571428571,0.1699687174139728,129,163,27,796,0.8525641025641026,0.29972752043596734
2k_r8_n3,2000,8,3,40,0.05,0.4572490706319702,0.7884615384615384,0.5788235294117646,0.1522419186652763,123,146,33,813,0.8525641025641026,0.29972752043596734
2k_r8_n3,2000,8,3,50,0.05,0.4936708860759494,0.75,0.5954198473282444,0.1251303441084463,117,120,39,839,0.8525641025641026,0.29972752043596734
2k_r8_n3,2000,8,3,60,0.05,0.5213270142180095,0.7051282051282052,0.5994550408719347,0.1053180396246089,110,101,46,858,0.8525641025641026,0.29972752043596734
3k_r8_n3,3000,8,3,1,0.05,0.2961460446247465,0.935897435897436,0.4499229583975346,0.3618352450469239,146,347,10,612,0.8685897435897436,0.3002610966057441
3k_r8_n3,3000,8,3,3,0.05,0.3020833333333333,0.9294871794871796,0.4559748427672955,0.3493222106360792,145,335,11,624,0.8685897435897436,0.3002610966057441
3k_r8_n3,3000,8,3,5,0.05,0.3145336225596529,0.9294871794871796,0.4700162074554295,0.3295099061522419,145,316,11,643,0.8685897435897436,0.3002610966057441
3k_r8_n3,3000,8,3,10,0.05,0.3380281690140845,0.9230769230769232,0.4948453608247422,0.2940563086548488,144,282,12,677,0.8685897435897436,0.3002610966057441
3k_r8_n3,3000,8,3,15,0.05,0.3578680203045685,0.903846153846154,0.5127272727272728,0.2638164754953076,141,253,15,706,0.8685897435897436,0.3002610966057441
3k_r8_n3,3000,8,3,20,0.05,0.3732970027247956,0.8782051282051282,0.5239005736137667,0.2398331595411887,137,230,19,729,0.8685897435897436,0.3002610966057441
3k_r8_n3,3000,8,3,30,0.05,0.3911764705882353,0.8525641025641025,0.5362903225806451,0.2158498435870698,133,207,23,752,0.8685897435897436,0.3002610966057441
3k_r8_n3,3000,8,3,40,0.05,0.4276315789473684,0.8333333333333334,0.5652173913043478,0.1814389989572471,130,174,26,785,0.8685897435897436,0.3002610966057441
3k_r8_n3,3000,8,3,50,0.05,0.4593639575971731,0.8333333333333334,0.592255125284738,0.159541188738269,130,153,26,806,0.8685897435897436,0.3002610966057441
3k_r8_n3,3000,8,3,60,0.05,0.4679245283018868,0.7948717948717948,0.5890736342042755,0.1470281543274244,124,141,32,818,0.8685897435897436,0.3002610966057441
3k_r8_n3,3000,8,3,80,0.05,0.5066079295154186,0.7371794871794872,0.6005221932114883,0.1167883211678832,115,112,41,847,0.8685897435897436,0.3002610966057441
3k_r8_n3,3000,8,3,100,0.05,0.520618556701031,0.6474358974358975,0.5771428571428572,0.0969760166840458,101,93,55,866,0.8685897435897436,0.3002610966057441
2k_r9_n3,2000,9,3,1,0.05,0.319290465631929,0.9230769230769232,0.4744645799011531,0.3201251303441084,144,307,12,652,0.8685897435897436,0.2994791666666667
2k_r9_n3,2000,9,3,2,0.05,0.3280182232346241,0.9230769230769232,0.4840336134453782,0.3076120959332638,144,295,12,664,0.8685897435897436,0.2994791666666667
2k_r9_n3,2000,9,3,3,0.05,0.3396226415094339,0.9230769230769232,0.496551724137931,0.291970802919708,144,280,12,679,0.8685897435897436,0.2994791666666667
2k_r9_n3,2000,9,3,5,0.05,0.355,0.9102564102564102,0.5107913669064748,0.2690302398331595,142,258,14,701,0.8685897435897436,0.2994791666666667
2k_r9_n3,2000,9,3,7,0.05,0.374331550802139,0.8974358974358975,0.5283018867924528,0.2440041710114703,140,234,16,725,0.8685897435897436,0.2994791666666667
2k_r9_n3,2000,9,3,10,0.05,0.39067055393586,0.8589743589743589,0.5370741482965932,0.2179353493222106,134,209,22,750,0.8685897435897436,0.2994791666666667
2k_r9_n3,2000,9,3,15,0.05,0.43,0.8269230769230769,0.5657894736842105,0.1783107403545359,129,171,27,788,0.8685897435897436,0.2994791666666667
2k_r9_n3,2000,9,3,20,0.05,0.4646840148698885,0.8012820512820513,0.5882352941176471,0.1501564129301355,125,144,31,815,0.8685897435897436,0.2994791666666667
2k_r9_n3,2000,9,3,30,0.05,0.5043859649122807,0.7371794871794872,0.5989583333333334,0.1178310740354535,115,113,41,846,0.8685897435897436,0.2994791666666667
2k_r9_n3,2000,9,3,40,0.05,0.5056179775280899,0.5769230769230769,0.5389221556886228,0.0917622523461939,90,88,66,871,0.8685897435897436,0.2994791666666667
2k_r9_n3,2000,9,3,50,0.05,0.4755244755244755,0.4358974358974359,0.4548494983277592,0.0782064650677789,68,75,88,884,0.8685897435897436,0.2994791666666667
2k_r9_n3,2000,9,3,60,0.05,0.4807692307692308,0.3205128205128205,0.3846153846153846,0.0563086548488008,50,54,106,905,0.8685897435897436,0.2994791666666667
2k_r9_n3,2000,9,3,80,0.05,0.4,0.1538461538461538,0.2222222222222222,0.0375391032325338,24,36,132,923,0.8685897435897436,0.2994791666666667
1k_r7_n5,1000,7,5,1,0.05,0.3226544622425629,0.903846153846154,0.475548060708263,0.3086548488008342,141,296,15,663,0.858974358974359,0.27722772277227725
1k_r7_n5,1000,7,5,2,0.05,0.3365853658536585,0.8846153846153846,0.4876325088339223,0.2836287799791449,138,272,18,687,0.858974358974359,0.27722772277227725
1k_r7_n5,1000,7,5,3,0.05,0.3580901856763925,0.8653846153846154,0.5065666041275798,0.2523461939520334,135,242,21,717,0.858974358974359,0.27722772277227725
1k_r7_n5,1000,7,5,5,0.05,0.394578313253012,0.8397435897435898,0.5368852459016393,0.2095933263816475,131,201,25,758,0.858974358974359,0.27722772277227725
1k_r7_n5,1000,7,5,7,0.05,0.4189189189189189,0.7948717948717948,0.5486725663716814,0.1793534932221063,124,172,32,787,0.858974358974359,0.27722772277227725
1k_r7_n5,1000,7,5,10,0.05,0.4516129032258064,0.717948717948718,0.5544554455445545,0.1418143899895724,112,136,44,823,0.858974358974359,0.27722772277227725
1k_r7_n5,1000,7,5,15,0.05,0.4947916666666667,0.6089743589743589,0.5459770114942529,0.1011470281543274,95,97,61,862,0.858974358974359,0.27722772277227725
1k_r7_n5,1000,7,5,20,0.05,0.4726027397260274,0.4423076923076923,0.4569536423841059,0.0802919708029197,69,77,87,882,0.858974358974359,0.27722772277227725
1k_r7_n5,1000,7,5,25,0.05,0.4732142857142857,0.3397435897435897,0.3955223880597015,0.0615224191866527,53,59,103,900,0.858974358974359,0.27722772277227725
1k_r7_n5,1000,7,5,30,0.05,0.410958904109589,0.1923076923076923,0.2620087336244542,0.0448383733055265,30,43,126,916,0.858974358974359,0.27722772277227725
1k_r7_n5,1000,7,5,40,0.05,0.1333333333333333,0.0256410256410256,0.043010752688172,0.02711157455683,4,26,152,933,0.858974358974359,0.27722772277227725
1k_r7_n5,1000,7,5,50,0.05,0.0588235294117647,0.0064102564102564,0.0115606936416184,0.0166840458811261,1,16,155,943,0.858974358974359,0.27722772277227725
1k_r7_n5,1000,7,5,60,0.05,0.0,0.0,0.0,0.0104275286757038,0,10,156,949,0.858974358974359,0.27722772277227725
2k_r7_n5,2000,7,5,1,0.05,0.3161434977578475,0.903846153846154,0.4684385382059801,0.3180396246089677,141,305,15,654,0.8525641025641026,0.2849740932642487
2k_r7_n5,2000,7,5,2,0.05,0.3241379310344827,0.903846153846154,0.4771573604060914,0.3065693430656934,141,294,15,665,0.8525641025641026,0.2849740932642487
2k_r7_n5,2000,7,5,3,0.05,0.327906976744186,0.903846153846154,0.4812286689419794,0.3013555787278415,141,289,15,670,0.8525641025641026,0.2849740932642487
2k_r7_n5,2000,7,5,5,0.05,0.3540051679586563,0.8782051282051282,0.5046040515653776,0.2606882168925964,137,250,19,709,0.8525641025641026,0.2849740932642487
2k_r7_n5,2000,7,5,7,0.05,0.3678474114441417,0.8653846153846154,0.5162523900573613,0.2419186652763295,135,232,21,727,0.8525641025641026,0.2849740932642487
2k_r7_n5,2000,7,5,10,0.05,0.3852941176470588,0.8397435897435898,0.5282258064516129,0.2179353493222106,131,209,25,750,0.8525641025641026,0.2849740932642487
2k_r7_n5,2000,7,5,15,0.05,0.4169491525423728,0.7884615384615384,0.5454545454545455,0.1793534932221063,123,172,33,787,0.8525641025641026,0.2849740932642487
2k_r7_n5,2000,7,5,20,0.05,0.4513618677042801,0.7435897435897436,0.5617433414043584,0.1470281543274244,116,141,40,818,0.8525641025641026,0.2849740932642487
2k_r7_n5,2000,7,5,25,0.05,0.4782608695652174,0.7051282051282052,0.5699481865284974,0.1251303441084463,110,120,46,839,0.8525641025641026,0.2849740932642487
2k_r7_n5,2000,7,5,30,0.05,0.4875621890547263,0.6282051282051282,0.5490196078431372,0.1074035453597497,98,103,58,856,0.8525641025641026,0.2849740932642487
2k_r7_n5,2000,7,5,40,0.05,0.475,0.4871794871794871,0.4810126582278481,0.0875912408759124,76,84,80,875,0.8525641025641026,0.2849740932642487
2k_r7_n5,2000,7,5,50,0.05,0.4878048780487805,0.3846153846153846,0.4301075268817205,0.0656934306569343,60,63,96,896,0.8525641025641026,0.2849740932642487
2k_r7_n5,2000,7,5,60,0.05,0.4382022471910112,0.25,0.3183673469387755,0.0521376433785192,39,50,117,909,0.8525641025641026,0.2849740932642487
2k_r8_n5,2000,8,5,1,0.05,0.2876712328767123,0.9423076923076924,0.4407796101949024,0.3795620437956204,147,364,9,595,0.8846153846153846,0.29268292682926833
2k_r8_n5,2000,8,5,2,0.05,0.2951807228915662,0.9423076923076924,0.4495412844036697,0.3660062565172054,147,351,9,608,0.8846153846153846,0.29268292682926833
2k_r8_n5,2000,8,5,3,0.05,0.3016528925619834,0.935897435897436,0.45625,0.3524504692387904,146,338,10,621,0.8846153846153846,0.29268292682926833
2k_r8_n5,2000,8,5,5,0.05,0.319910514541387,0.9166666666666666,0.4742951907131011,0.3169968717413973,143,304,13,655,0.8846153846153846,0.29268292682926833
2k_r8_n5,2000,8,5,7,0.05,0.3309523809523809,0.8910256410256411,0.4826388888888888,0.2930135557872784,139,281,17,678,0.8846153846153846,0.29268292682926833
2k_r8_n5,2000,8,5,10,0.05,0.3479381443298969,0.8653846153846154,0.4963235294117646,0.2638164754953076,135,253,21,706,0.8846153846153846,0.29268292682926833
2k_r8_n5,2000,8,5,15,0.05,0.3676880222841225,0.8461538461538461,0.5126213592233011,0.2367049009384775,132,227,24,732,0.8846153846153846,0.29268292682926833
2k_r8_n5,2000,8,5,20,0.05,0.400611620795107,0.8397435897435898,0.5424430641821946,0.2043795620437956,131,196,25,763,0.8846153846153846,0.29268292682926833
2k_r8_n5,2000,8,5,25,0.05,0.4115755627009646,0.8205128205128205,0.5481798715203425,0.1908237747653806,128,183,28,776,0.8846153846153846,0.29268292682926833
2k_r8_n5,2000,8,5,30,0.05,0.4295532646048109,0.8012820512820513,0.5592841163310962,0.173096976016684,125,166,31,793,0.8846153846153846,0.29268292682926833
2k_r8_n5,2000,8,5,40,0.05,0.4724409448818897,0.7692307692307693,0.5853658536585367,0.1397288842544317,120,134,36,825,0.8846153846153846,0.29268292682926833
2k_r8_n5,2000,8,5,50,0.05,0.4910714285714285,0.7051282051282052,0.5789473684210527,0.1188738269030239,110,114,46,845,0.8846153846153846,0.29268292682926833
2k_r8_n5,2000,8,5,60,0.05,0.481283422459893,0.5769230769230769,0.5247813411078718,0.1011470281543274,90,97,66,862,0.8846153846153846,0.29268292682926833
3k_r8_n5,3000,8,5,1,0.05,0.2865497076023391,0.9423076923076924,0.4394618834080717,0.3816475495307612,147,366,9,593,0.8846153846153846,0.29055690072639223
3k_r8_n5,3000,8,5,3,0.05,0.2993890020366598,0.9423076923076924,0.4544049459041731,0.3587069864442127,147,344,9,615,0.8846153846153846,0.29055690072639223
3k_r8_n5,3000,8,5,5,0.05,0.3054393305439331,0.935897435897436,0.4605678233438486,0.3461939520333681,146,332,10,627,0.8846153846153846,0.29055690072639223
3k_r8_n5,3000,8,5,10,0.05,0.3286713286713286,0.903846153846154,0.482051282051282,0.3003128258602711,141,288,15,671,0.8846153846153846,0.29055690072639223
3k_r8_n5,3000,8,5,15,0.05,0.3532467532467532,0.8717948717948718,0.5027726432532347,0.2596454640250261,136,249,20,710,0.8846153846153846,0.29055690072639223
3k_r8_n5,3000,8,5,20,0.05,0.3626373626373626,0.8461538461538461,0.5076923076923077,0.2419186652763295,132,232,24,727,0.8846153846153846,0.29055690072639223
3k_r8_n5,3000,8,5,30,0.05,0.3957703927492447,0.8397435897435898,0.5379876796714579,0.2085505735140771,131,200,25,759,0.8846153846153846,0.29055690072639223
3k_r8_n5,3000,8,5,40,0.05,0.4229508196721311,0.8269230769230769,0.559652928416486,0.1835245046923879,129,176,27,783,0.8846153846153846,0.29055690072639223
3k_r8_n5,3000,8,5,50,0.05,0.4392857142857143,0.7884615384615384,0.5642201834862385,0.1637122002085505,123,157,33,802,0.8846153846153846,0.29055690072639223
3k_r8_n5,3000,8,5,60,0.05,0.4669260700389105,0.7692307692307693,0.5811138014527845,0.1428571428571428,120,137,36,822,0.8846153846153846,0.29055690072639223
3k_r8_n5,3000,8,5,80,0.05,0.4883720930232558,0.6730769230769231,0.5660377358490566,0.1147028154327424,105,110,51,849,0.8846153846153846,0.29055690072639223
3k_r8_n5,3000,8,5,100,0.05,0.4736842105263157,0.5192307692307693,0.4954128440366972,0.0938477580813347,81,90,75,869,0.8846153846153846,0.29055690072639223
2k_r9_n5,2000,9,5,1,0.05,0.3063829787234042,0.9230769230769232,0.4600638977635782,0.3399374348279457,144,326,12,633,0.8782051282051282,0.295
2k_r9_n5,2000,9,5,2,0.05,0.3085339168490153,0.903846153846154,0.4600326264274061,0.3295099061522419,141,316,15,643,0.8782051282051282,0.295
2k_r9_n5,2000,9,5,3,0.05,0.3241379310344827,0.903846153846154,0.4771573604060914,0.3065693430656934,141,294,15,665,0.8782051282051282,0.295
2k_r9_n5,2000,9,5,5,0.05,0.3433583959899749,0.8782051282051282,0.4936936936936936,0.2732012513034411,137,262,19,697,0.8782051282051282,0.295
2k_r9_n5,2000,9,5,7,0.05,0.3563829787234042,0.8589743589743589,0.5037593984962406,0.2523461939520334,134,242,22,717,0.8782051282051282,0.295
2k_r9_n5,2000,9,5,10,0.05,0.3810888252148997,0.8525641025641025,0.5267326732673268,0.2252346193952033,133,216,23,743,0.8782051282051282,0.295
2k_r9_n5,2000,9,5,15,0.05,0.4119496855345912,0.8397435897435898,0.5527426160337552,0.1949947862356621,131,187,25,772,0.8782051282051282,0.295
2k_r9_n5,2000,9,5,20,0.05,0.4409722222222222,0.8141025641025641,0.5720720720720721,0.1678832116788321,127,161,29,798,0.8782051282051282,0.295
2k_r9_n5,2000,9,5,30,0.05,0.4836065573770491,0.7564102564102564,0.59,0.1313868613138686,118,126,38,833,0.8782051282051282,0.295
2k_r9_n5,2000,9,5,40,0.05,0.4702970297029702,0.6089743589743589,0.53072625698324,0.1115745568300312,95,107,61,852,0.8782051282051282,0.295
2k_r9_n5,2000,9,5,50,0.05,0.4629629629629629,0.4807692307692308,0.4716981132075472,0.0907194994786235,75,87,81,872,0.8782051282051282,0.295
2k_r9_n5,2000,9,5,60,0.05,0.4761904761904761,0.3846153846153846,0.4255319148936169,0.0688216892596454,60,66,96,893,0.8782051282051282,0.295
2k_r9_n5,2000,9,5,80,0.05,0.328125,0.1346153846153846,0.1909090909090909,0.0448383733055265,21,43,135,916,0.8782051282051282,0.295
1k_r6_n4,1000,6,4,1,0.05,0.3926701570680628,0.4807692307692308,0.4322766570605187,0.1209593326381647,75,116,81,843,0.7403846153846154,0.21613832853025935
1k_r6_n4,1000,6,4,2,0.05,0.3926701570680628,0.4807692307692308,0.4322766570605187,0.1209593326381647,75,116,81,843,0.7403846153846154,0.21613832853025935
1k_r6_n4,1000,6,4,3,0.05,0.3926701570680628,0.4807692307692308,0.4322766570605187,0.1209593326381647,75,116,81,843,0.7403846153846154,0.21613832853025935
1k_r6_n4,1000,6,4,5,0.05,0.3934426229508196,0.4615384615384615,0.4247787610619469,0.1157455683003128,72,111,84,848,0.7403846153846154,0.21613832853025935
1k_r6_n4,1000,6,4,7,0.05,0.4184397163120567,0.3782051282051282,0.3973063973063973,0.0855057351407716,59,82,97,877,0.7403846153846154,0.21613832853025935
1k_r6_n4,1000,6,4,10,0.05,0.423728813559322,0.1602564102564102,0.2325581395348837,0.0354535974973931,25,34,131,925,0.7403846153846154,0.21613832853025935
1k_r6_n4,1000,6,4,15,0.05,0.4081632653061224,0.1282051282051282,0.1951219512195121,0.0302398331595411,20,29,136,930,0.7403846153846154,0.21613832853025935
1k_r6_n4,1000,6,4,20,0.05,0.25,0.0128205128205128,0.024390243902439,0.0062565172054223,2,6,154,953,0.7403846153846154,0.21613832853025935
1k_r7_n4,1000,7,4,1,0.05,0.2798434442270058,0.9166666666666666,0.4287856071964018,0.3837330552659019,143,368,13,591,0.9038461538461539,0.28832951945080093
1k_r7_n4,1000,7,4,2,0.05,0.2960662525879917,0.9166666666666666,0.4475743348982786,0.3545359749739312,143,340,13,619,0.9038461538461539,0.28832951945080093
1k_r7_n4,1000,7,4,3,0.05,0.3112582781456953,0.903846153846154,0.4630541871921182,0.3253388946819603,141,312,15,647,0.9038461538461539,0.28832951945080093
1k_r7_n4,1000,7,4,5,0.05,0.345679012345679,0.8974358974358975,0.499108734402852,0.2763295099061522,140,265,16,694,0.9038461538461539,0.28832951945080093
1k_r7_n4,1000,7,4,7,0.05,0.3801652892561983,0.8846153846153846,0.5317919075144508,0.2346193952033368,138,225,18,734,0.9038461538461539,0.28832951945080093
1k_r7_n4,1000,7,4,10,0.05,0.4011976047904191,0.8589743589743589,0.5469387755102041,0.2085505735140771,134,200,22,759,0.9038461538461539,0.28832951945080093
1k_r7_n4,1000,7,4,15,0.05,0.4483985765124555,0.8076923076923077,0.5766590389016019,0.1616266944734098,126,155,30,804,0.9038461538461539,0.28832951945080093
1k_r7_n4,1000,7,4,20,0.05,0.4647302904564315,0.717948717948718,0.5642317380352645,0.1345151199165797,112,129,44,830,0.9038461538461539,0.28832951945080093
1k_r7_n4,1000,7,4,25,0.05,0.4807692307692308,0.6410256410256411,0.5494505494505495,0.1126173096976016,100,108,56,851,0.9038461538461539,0.28832951945080093
1k_r7_n4,1000,7,4,30,0.05,0.4863387978142076,0.5705128205128205,0.5250737463126843,0.0980187695516162,89,94,67,865,0.9038461538461539,0.28832951945080093
1k_r7_n4,1000,7,4,40,0.05,0.4634146341463415,0.3653846153846153,0.4086021505376344,0.0688216892596454,57,66,99,893,0.9038461538461539,0.28832951945080093
1k_r7_n4,1000,7,4,50,0.05,0.3766233766233766,0.1858974358974359,0.2489270386266094,0.0500521376433785,29,48,127,911,0.9038461538461539,0.28832951945080093
1k_r7_n4,1000,7,4,60,0.05,0.3157894736842105,0.1153846153846153,0.1690140845070422,0.040667361835245,18,39,138,920,0.9038461538461539,0.28832951945080093
2k_r7_n4,2000,7,4,1,0.05,0.275,0.9166666666666666,0.4230769230769231,0.3931178310740355,143,377,13,582,0.907051282051282,0.2853932584269663
2k_r7_n4,2000,7,4,2,0.05,0.2798434442270058,0.9166666666666666,0.4287856071964018,0.3837330552659019,143,368,13,591,0.907051282051282,0.2853932584269663
2k_r7_n4,2000,7,4,3,0.05,0.2854291417165668,0.9166666666666666,0.4353120243531201,0.3733055265901981,143,358,13,601,0.907051282051282,0.2853932584269663
2k_r7_n4,2000,7,4,5,0.05,0.3081896551724138,0.9166666666666666,0.4612903225806452,0.3347236704900938,143,321,13,638,0.907051282051282,0.2853932584269663
2k_r7_n4,2000,7,4,7,0.05,0.3219954648526077,0.9102564102564102,0.4757118927973199,0.3117831074035453,142,299,14,660,0.907051282051282,0.2853932584269663
2k_r7_n4,2000,7,4,10,0.05,0.345679012345679,0.8974358974358975,0.499108734402852,0.2763295099061522,140,265,16,694,0.907051282051282,0.2853932584269663
2k_r7_n4,2000,7,4,15,0.05,0.3777173913043478,0.8910256410256411,0.5305343511450382,0.2387904066736183,139,229,17,730,0.907051282051282,0.2853932584269663
2k_r7_n4,2000,7,4,20,0.05,0.3994082840236686,0.8653846153846154,0.5465587044534412,0.2116788321167883,135,203,21,756,0.907051282051282,0.2853932584269663
2k_r7_n4,2000,7,4,25,0.05,0.4212218649517685,0.8397435897435898,0.5610278372591007,0.1876955161626694,131,180,25,779,0.907051282051282,0.2853932584269663
2k_r7_n4,2000,7,4,30,0.05,0.4394463667820069,0.8141025641025641,0.5707865168539326,0.1689259645464025,127,162,29,797,0.907051282051282,0.2853932584269663
2k_r7_n4,2000,7,4,40,0.05,0.4556451612903225,0.7243589743589743,0.5594059405940593,0.140771637122002,113,135,43,824,0.907051282051282,0.2853932584269663
2k_r7_n4,2000,7,4,50,0.05,0.4748858447488584,0.6666666666666666,0.5546666666666668,0.1199165797705943,104,115,52,844,0.907051282051282,0.2853932584269663
2k_r7_n4,2000,7,4,60,0.05,0.4742268041237113,0.5897435897435898,0.5257142857142857,0.1063607924921793,92,102,64,857,0.907051282051282,0.2853932584269663
3k_r7_n4,3000,7,4,1,0.05,0.2739463601532567,0.9166666666666666,0.4218289085545722,0.3952033368091762,143,379,13,580,0.8974358974358974,0.2883720930232558
3k_r7_n4,3000,7,4,3,0.05,0.2771317829457364,0.9166666666666666,0.4255952380952381,0.3889468196037539,143,373,13,586,0.8974358974358974,0.2883720930232558
3k_r7_n4,3000,7,4,5,0.05,0.2877263581488933,0.9166666666666666,0.4379785604900459,0.3691345151199166,143,354,13,605,0.8974358974358974,0.2883720930232558
3k_r7_n4,3000,7,4,10,0.05,0.3213483146067415,0.9166666666666666,0.4758735440931779,0.3149113660062565,143,302,13,657,0.8974358974358974,0.2883720930232558
3k_r7_n4,3000,7,4,15,0.05,0.3526448362720403,0.8974358974358975,0.5063291139240506,0.2679874869655891,140,257,16,702,0.8974358974358974,0.2883720930232558
3k_r7_n4,3000,7,4,20,0.05,0.3797814207650273,0.8910256410256411,0.5325670498084292,0.2367049009384775,139,227,17,732,0.8974358974358974,0.2883720930232558
3k_r7_n4,3000,7,4,30,0.05,0.4,0.8717948717948718,0.5483870967741936,0.2127215849843587,136,204,20,755,0.8974358974358974,0.2883720930232558
3k_r7_n4,3000,7,4,40,0.05,0.4323432343234323,0.8397435897435898,0.5708061002178649,0.1793534932221063,131,172,25,787,0.8974358974358974,0.2883720930232558
3k_r7_n4,3000,7,4,50,0.05,0.4525547445255474,0.7948717948717948,0.5767441860465116,0.1564129301355578,124,150,32,809,0.8974358974358974,0.2883720930232558
3k_r7_n4,3000,7,4,60,0.05,0.4618473895582329,0.7371794871794872,0.5679012345679013,0.1397288842544317,115,134,41,825,0.8974358974358974,0.2883720930232558
3k_r7_n4,3000,7,4,80,0.05,0.4790697674418605,0.6602564102564102,0.555256064690027,0.1167883211678832,103,112,53,847,0.8974358974358974,0.2883720930232558
3k_r7_n4,3000,7,4,100,0.05,0.4651162790697674,0.5128205128205128,0.4878048780487805,0.0959332638164754,80,92,76,867,0.8974358974358974,0.2883720930232558
1k_r8_n4,1000,8,4,1,0.05,0.28125,0.9230769230769232,0.4311377245508982,0.3837330552659019,144,368,12,591,0.8846153846153846,0.29925187032418954
1k_r8_n4,1000,8,4,2,0.05,0.2910602910602911,0.8974358974358975,0.4395604395604395,0.3555787278415016,140,341,16,618,0.8846153846153846,0.29925187032418954
1k_r8_n4,1000,8,4,3,0.05,0.3111111111111111,0.8974358974358975,0.462046204620462,0.3232533889468196,140,310,16,649,0.8846153846153846,0.29925187032418954
1k_r8_n4,1000,8,4,5,0.05,0.3448275862068966,0.8974358974358975,0.498220640569395,0.2773722627737226,140,266,16,693,0.8846153846153846,0.29925187032418954
1k_r8_n4,1000,8,4,7,0.05,0.3736559139784946,0.8910256410256411,0.5265151515151516,0.2429614181438999,139,233,17,726,0.8846153846153846,0.29925187032418954
1k_r8_n4,1000,8,4,10,0.05,0.3930635838150289,0.8717948717948718,0.5418326693227091,0.218978102189781,136,210,20,749,0.8846153846153846,0.29925187032418954
1k_r8_n4,1000,8,4,15,0.05,0.4258064516129032,0.8461538461538461,0.5665236051502145,0.1856100104275286,132,178,24,781,0.8846153846153846,0.29925187032418954
1k_r8_n4,1000,8,4,20,0.05,0.463768115942029,0.8205128205128205,0.5925925925925926,0.1543274244004171,128,148,28,811,0.8846153846153846,0.29925187032418954
1k_r8_n4,1000,8,4,25,0.05,0.4897959183673469,0.7692307692307693,0.5985037406483791,0.1303441084462982,120,125,36,834,0.8846153846153846,0.29925187032418954
1k_r8_n4,1000,8,4,30,0.05,0.4885844748858447,0.6858974358974359,0.5706666666666667,0.1167883211678832,107,112,49,847,0.8846153846153846,0.29925187032418954
1k_r8_n4,1000,8,4,40,0.05,0.4424242424242424,0.4679487179487179,0.454828660436137,0.0959332638164754,73,92,83,867,0.8846153846153846,0.29925187032418954
1k_r8_n4,1000,8,4,50,0.05,0.3944954128440367,0.2756410256410256,0.3245283018867925,0.0688216892596454,43,66,113,893,0.8846153846153846,0.29925187032418954
1k_r8_n4,1000,8,4,60,0.05,0.3188405797101449,0.141025641025641,0.1955555555555555,0.0490093847758081,22,47,134,912,0.8846153846153846,0.29925187032418954
2k_r8_n4,2000,8,4,1,0.05,0.2758620689655172,0.9230769230769232,0.4247787610619469,0.3941605839416058,144,378,12,581,0.8846153846153846,0.2977667493796526
2k_r8_n4,2000,8,4,2,0.05,0.279296875,0.9166666666666666,0.4281437125748503,0.3847758081334723,143,369,13,590,0.8846153846153846,0.2977667493796526
2k_r8_n4,2000,8,4,3,0.05,0.284,0.9102564102564102,0.4329268292682927,0.3733055265901981,142,358,14,601,0.8846153846153846,0.2977667493796526
2k_r8_n4,2000,8,4,5,0.05,0.3058568329718004,0.903846153846154,0.4570502431118314,0.3336809176225234,141,320,15,639,0.8846153846153846,0.2977667493796526
2k_r8_n4,2000,8,4,7,0.05,0.319634703196347,0.8974358974358975,0.4713804713804713,0.310740354535975,140,298,16,661,0.8846153846153846,0.2977667493796526
2k_r8_n4,2000,8,4,10,0.05,0.344059405940594,0.8910256410256411,0.4964285714285714,0.2763295099061522,139,265,17,694,0.8846153846153846,0.2977667493796526
2k_r8_n4,2000,8,4,15,0.05,0.3780821917808219,0.8846153846153846,0.5297504798464492,0.2367049009384775,138,227,18,732,0.8846153846153846,0.2977667493796526
2k_r8_n4,2000,8,4,20,0.05,0.3971014492753623,0.8782051282051282,0.5469061876247505,0.2168925964546402,137,208,19,751,0.8846153846153846,0.2977667493796526
2k_r8_n4,2000,8,4,25,0.05,0.4110429447852761,0.8589743589743589,0.5560165975103735,0.200208550573514,134,192,22,767,0.8846153846153846,0.2977667493796526
2k_r8_n4,2000,8,4,30,0.05,0.4299674267100977,0.8461538461538461,0.5701943844492441,0.1824817518248175,132,175,24,784,0.8846153846153846,0.2977667493796526
2k_r8_n4,2000,8,4,40,0.05,0.4595588235294117,0.8012820512820513,0.5841121495327103,0.1532846715328467,125,147,31,812,0.8846153846153846,0.2977667493796526
2k_r8_n4,2000,8,4,50,0.05,0.48582995951417,0.7692307692307693,0.5955334987593052,0.132429614181439,120,127,36,832,0.8846153846153846,0.2977667493796526
2k_r8_n4,2000,8,4,60,0.05,0.4888888888888889,0.7051282051282052,0.5774278215223098,0.1199165797705943,110,115,46,844,0.8846153846153846,0.2977667493796526
3k_r8_n4,3000,8,4,1,0.05,0.2727272727272727,0.9230769230769232,0.4210526315789473,0.4004171011470281,144,384,12,575,0.8782051282051282,0.30025445292620867
3k_r8_n4,3000,8,4,3,0.05,0.2798434442270058,0.9166666666666666,0.4287856071964018,0.3837330552659019,143,368,13,591,0.8782051282051282,0.30025445292620867
3k_r8_n4,3000,8,4,5,0.05,0.2886178861788618,0.9102564102564102,0.4382716049382716,0.364963503649635,142,350,14,609,0.8782051282051282,0.30025445292620867
3k_r8_n4,3000,8,4,10,0.05,0.3211845102505695,0.903846153846154,0.4739495798319328,0.310740354535975,141,298,15,661,0.8782051282051282,0.30025445292620867
3k_r8_n4,3000,8,4,15,0.05,0.3406862745098039,0.8910256410256411,0.4929078014184397,0.2805005213764338,139,269,17,690,0.8782051282051282,0.30025445292620867
3k_r8_n4,3000,8,4,20,0.05,0.366754617414248,0.8910256410256411,0.5196261682242991,0.2502606882168926,139,240,17,719,0.8782051282051282,0.30025445292620867
3k_r8_n4,3000,8,4,30,0.05,0.3970588235294117,0.8653846153846154,0.5443548387096775,0.213764337851929,135,205,21,754,0.8782051282051282,0.30025445292620867
3k_r8_n4,3000,8,4,40,0.05,0.4158730158730159,0.8397435897435898,0.5562632696390658,0.1918665276329509,131,184,25,775,0.8782051282051282,0.30025445292620867
3k_r8_n4,3000,8,4,50,0.05,0.4402730375426621,0.8269230769230769,0.5746102449888641,0.1710114702815433,129,164,27,795,0.8782051282051282,0.30025445292620867
3k_r8_n4,3000,8,4,60,0.05,0.4701492537313433,0.8076923076923077,0.5943396226415094,0.1480709071949948,126,142,30,817,0.8782051282051282,0.30025445292620867
3k_r8_n4,3000,8,4,80,0.05,0.4978902953586498,0.7564102564102564,0.6005089058524173,0.1240875912408759,118,119,38,840,0.8782051282051282,0.30025445292620867
3k_r8_n4,3000,8,4,100,0.05,0.5048543689320388,0.6666666666666666,0.574585635359116,0.1063607924921793,104,102,52,857,0.8782051282051282,0.30025445292620867
5k_r8_n4,5000,8,4,1,0.05,0.2722117202268431,0.9230769230769232,0.4204379562043795,0.4014598540145985,144,385,12,574,0.8974358974358974,0.29523809523809524
5k_r8_n4,5000,8,4,3,0.05,0.2739463601532567,0.9166666666666666,0.4218289085545722,0.3952033368091762,143,379,13,580,0.8974358974358974,0.29523809523809524
5k_r8_n4,5000,8,4,5,0.05,0.280943025540275,0.9166666666666666,0.4300751879699248,0.3816475495307612,143,366,13,593,0.8974358974358974,0.29523809523809524
5k_r8_n4,5000,8,4,10,0.05,0.3008474576271186,0.9102564102564102,0.4522292993630573,0.3441084462982273,142,330,14,629,0.8974358974358974,0.29523809523809524
5k_r8_n4,5000,8,4,15,0.05,0.3167420814479638,0.8974358974358975,0.4682274247491638,0.3149113660062565,140,302,16,657,0.8974358974358974,0.29523809523809524
5k_r8_n4,5000,8,4,20,0.05,0.3317535545023696,0.8974358974358975,0.4844290657439445,0.2940563086548488,140,282,16,677,0.8974358974358974,0.29523809523809524
5k_r8_n4,5000,8,4,30,0.05,0.3582474226804124,0.8910256410256411,0.511029411764706,0.2596454640250261,139,249,17,710,0.8974358974358974,0.29523809523809524
5k_r8_n4,5000,8,4,40,0.05,0.3791208791208791,0.8846153846153846,0.5307692307692308,0.2356621480709071,138,226,18,733,0.8974358974358974,0.29523809523809524
5k_r8_n4,5000,8,4,50,0.05,0.3976608187134502,0.8717948717948718,0.5461847389558232,0.2148070907194994,136,206,20,753,0.8974358974358974,0.29523809523809524
5k_r8_n4,5000,8,4,60,0.05,0.4036697247706422,0.8461538461538461,0.546583850931677,0.2033368091762252,132,195,24,764,0.8974358974358974,0.29523809523809524
5k_r8_n4,5000,8,4,80,0.05,0.4324324324324324,0.8205128205128205,0.5663716814159292,0.1751824817518248,128,168,28,791,0.8974358974358974,0.29523809523809524
5k_r8_n4,5000,8,4,100,0.05,0.4696969696969697,0.7948717948717948,0.5904761904761905,0.145985401459854,124,140,32,819,0.8974358974358974,0.29523809523809524
2k_r9_n4,2000,9,4,1,0.05,0.3025210084033613,0.9230769230769232,0.4556962025316455,0.3461939520333681,144,332,12,627,0.8846153846153846,0.2941176470588235
2k_r9_n4,2000,9,4,2,0.05,0.3090128755364807,0.9230769230769232,0.4630225080385852,0.3357664233576642,144,322,12,637,0.8846153846153846,0.2941176470588235
2k_r9_n4,2000,9,4,3,0.05,0.3191964285714285,0.9166666666666666,0.4735099337748344,0.3180396246089677,143,305,13,654,0.8846153846153846,0.2941176470588235
2k_r9_n4,2000,9,4,5,0.05,0.3389423076923077,0.903846153846154,0.4930069930069929,0.2867570385818561,141,275,15,684,0.8846153846153846,0.2941176470588235
2k_r9_n4,2000,9,4,7,0.05,0.359173126614987,0.8910256410256411,0.5119705340699816,0.2586027111574557,139,248,17,711,0.8846153846153846,0.2941176470588235
2k_r9_n4,2000,9,4,10,0.05,0.3893557422969187,0.8910256410256411,0.5419103313840156,0.2273201251303441,139,218,17,741,0.8846153846153846,0.2941176470588235
2k_r9_n4,2000,9,4,15,0.05,0.418960244648318,0.8782051282051282,0.567287784679089,0.1981230448383733,137,190,19,769,0.8846153846153846,0.2941176470588235
2k_r9_n4,2000,9,4,20,0.05,0.436241610738255,0.8333333333333334,0.5726872246696035,0.1751824817518248,130,168,26,791,0.8846153846153846,0.2941176470588235
2k_r9_n4,2000,9,4,30,0.05,0.4761904761904761,0.7692307692307693,0.588235294117647,0.1376433785192909,120,132,36,827,0.8846153846153846,0.2941176470588235
2k_r9_n4,2000,9,4,40,0.05,0.4953271028037383,0.6794871794871795,0.572972972972973,0.1126173096976016,106,108,50,851,0.8846153846153846,0.2941176470588235
2k_r9_n4,2000,9,4,50,0.05,0.4611111111111111,0.532051282051282,0.494047619047619,0.1011470281543274,83,97,73,862,0.8846153846153846,0.2941176470588235
2k_r9_n4,2000,9,4,60,0.05,0.4338235294117647,0.3782051282051282,0.4041095890410959,0.0802919708029197,59,77,97,882,0.8846153846153846,0.2941176470588235
2k_r9_n4,2000,9,4,80,0.05,0.3571428571428571,0.1602564102564102,0.2212389380530973,0.0469238790406673,25,45,131,914,0.8846153846153846,0.2941176470588235
3k_r9_n4,3000,9,4,1,0.05,0.301255230125523,0.9230769230769232,0.4542586750788643,0.3482794577685089,144,334,12,625,0.8942307692307692,0.2971014492753623
3k_r9_n4,3000,9,4,3,0.05,0.3096774193548387,0.9230769230769232,0.463768115942029,0.3347236704900938,144,321,12,638,0.8942307692307692,0.2971014492753623
3k_r9_n4,3000,9,4,5,0.05,0.3279816513761467,0.9166666666666666,0.483108108108108,0.305526590198123,143,293,13,666,0.8942307692307692,0.2971014492753623
3k_r9_n4,3000,9,4,10,0.05,0.3573264781491002,0.8910256410256411,0.5100917431192661,0.2606882168925964,139,250,17,709,0.8942307692307692,0.2971014492753623
3k_r9_n4,3000,9,4,15,0.05,0.3904494382022472,0.8910256410256411,0.5429687500000001,0.2262773722627737,139,217,17,742,0.8942307692307692,0.2971014492753623
3k_r9_n4,3000,9,4,20,0.05,0.4121212121212121,0.8717948717948718,0.5596707818930041,0.2022940563086548,136,194,20,765,0.8942307692307692,0.2971014492753623
3k_r9_n4,3000,9,4,30,0.05,0.4387755102040816,0.8269230769230769,0.5733333333333333,0.1720542231491136,129,165,27,794,0.8942307692307692,0.2971014492753623
3k_r9_n4,3000,9,4,40,0.05,0.4767441860465116,0.7884615384615384,0.5942028985507246,0.140771637122002,123,135,33,824,0.8942307692307692,0.2971014492753623
3k_r9_n4,3000,9,4,50,0.05,0.4831932773109244,0.7371794871794872,0.583756345177665,0.1282586027111574,115,123,41,836,0.8942307692307692,0.2971014492753623
3k_r9_n4,3000,9,4,75,0.05,0.4497041420118343,0.4871794871794871,0.4676923076923077,0.0969760166840458,76,93,80,866,0.8942307692307692,0.2971014492753623
3k_r9_n4,3000,9,4,100,0.05,0.4,0.2692307692307692,0.3218390804597701,0.0656934306569343,42,63,114,896,0.8942307692307692,0.2971014492753623
3k_r9_n4,3000,9,4,150,0.05,0.1538461538461538,0.0384615384615384,0.0615384615384615,0.0344108446298227,6,33,150,926,0.8942307692307692,0.2971014492753623
2k_r10_n4,2000,10,4,1,0.05,0.3279445727482679,0.9102564102564102,0.4821731748726655,0.3034410844629823,142,291,14,668,0.8782051282051282,0.2878048780487805
2k_r10_n4,2000,10,4,2,0.05,0.3405797101449275,0.903846153846154,0.4947368421052631,0.2846715328467153,141,273,15,686,0.8782051282051282,0.2878048780487805
2k_r10_n4,2000,10,4,3,0.05,0.3538461538461538,0.8846153846153846,0.5054945054945055,0.2627737226277372,138,252,18,707,0.8782051282051282,0.2878048780487805
2k_r10_n4,2000,10,4,5,0.05,0.3848314606741573,0.8782051282051282,0.5351562500000001,0.2283628779979145,137,219,19,740,0.8782051282051282,0.2878048780487805
2k_r10_n4,2000,10,4,7,0.05,0.4036697247706422,0.8461538461538461,0.546583850931677,0.2033368091762252,132,195,24,764,0.8782051282051282,0.2878048780487805
2k_r10_n4,2000,10,4,10,0.05,0.4333333333333333,0.8333333333333334,0.5701754385964913,0.1772679874869656,130,170,26,789,0.8782051282051282,0.2878048780487805
2k_r10_n4,2000,10,4,15,0.05,0.4645669291338583,0.7564102564102564,0.575609756097561,0.1418143899895724,118,136,38,823,0.8782051282051282,0.2878048780487805
2k_r10_n4,2000,10,4,20,0.05,0.4908256880733945,0.6858974358974359,0.5721925133689839,0.1157455683003128,107,111,49,848,0.8782051282051282,0.2878048780487805
2k_r10_n4,2000,10,4,30,0.05,0.4506172839506173,0.4679487179487179,0.4591194968553459,0.0928050052137643,73,89,83,870,0.8782051282051282,0.2878048780487805
2k_r10_n4,2000,10,4,40,0.05,0.3962264150943396,0.2692307692307692,0.3206106870229007,0.0667361835245047,42,64,114,895,0.8782051282051282,0.2878048780487805
2k_r10_n4,2000,10,4,50,0.05,0.3571428571428571,0.1602564102564102,0.2212389380530973,0.0469238790406673,25,45,131,914,0.8782051282051282,0.2878048780487805
2k_r10_n4,2000,10,4,60,0.05,0.2291666666666666,0.0705128205128205,0.1078431372549019,0.0385818561001042,11,37,145,922,0.8782051282051282,0.2878048780487805
2k_r10_n4,2000,10,4,80,0.05,0.04,0.0064102564102564,0.011049723756906,0.0250260688216892,1,24,155,935,0.8782051282051282,0.2878048780487805
3k_r10_n4,3000,10,4,1,0.05,0.3279445727482679,0.9102564102564102,0.4821731748726655,0.3034410844629823,142,291,14,668,0.9166666666666667,0.29017857142857145
3k_r10_n4,3000,10,4,3,0.05,0.3415233415233415,0.8910256410256411,0.4937833037300178,0.2794577685088634,139,268,17,691,0.9166666666666667,0.29017857142857145
3k_r10_n4,3000,10,4,5,0.05,0.3612565445026178,0.8846153846153846,0.5130111524163569,0.2544316996871741,138,244,18,715,0.9166666666666667,0.29017857142857145
3k_r10_n4,3000,10,4,10,0.05,0.411214953271028,0.8461538461538461,0.5534591194968553,0.1970802919708029,132,189,24,770,0.9166666666666667,0.29017857142857145
3k_r10_n4,3000,10,4,15,0.05,0.4452054794520548,0.8333333333333334,0.5803571428571429,0.1689259645464025,130,162,26,797,0.9166666666666667,0.29017857142857145
3k_r10_n4,3000,10,4,20,0.05,0.4636015325670498,0.7756410256410257,0.580335731414868,0.145985401459854,121,140,35,819,0.9166666666666667,0.29017857142857145
3k_r10_n4,3000,10,4,30,0.05,0.4859813084112149,0.6666666666666666,0.5621621621621622,0.1147028154327424,104,110,52,849,0.9166666666666667,0.29017857142857145
3k_r10_n4,3000,10,4,40,0.05,0.4685714285714286,0.5256410256410257,0.4954682779456194,0.0969760166840458,82,93,74,866,0.9166666666666667,0.29017857142857145
3k_r10_n4,3000,10,4,50,0.05,0.4251968503937008,0.3461538461538461,0.381625441696113,0.0761209593326381,54,73,102,886,0.9166666666666667,0.29017857142857145
3k_r10_n4,3000,10,4,75,0.05,0.3333333333333333,0.1282051282051282,0.1851851851851851,0.0417101147028154,20,40,136,919,0.9166666666666667,0.29017857142857145
3k_r10_n4,3000,10,4,100,0.05,0.1212121212121212,0.0256410256410256,0.0423280423280423,0.0302398331595411,4,29,152,930,0.9166666666666667,0.29017857142857145
3k_r10_n4,3000,10,4,150,0.05,0.0555555555555555,0.0064102564102564,0.0114942528735632,0.0177267987486965,1,17,155,942,0.9166666666666667,0.29017857142857145
